level,min_rating,min_user_deg,min_movie_deg,users,movies,edges,density,avg_rating
L0,3.5,10,20,132720,10861,12097625,0.008392549887478904,4.212
L1,4.0,20,50,101456,7287,9396876,0.01271033480802756,4.367
L2,4.0,40,100,65915,5543,8270173,0.02263525854405317,4.363
L3,4.5,60,150,17431,2182,1877563,0.049364809926750075,4.808
