row_id,actual_class,predicted_class,predicted_spam_probability
1152,spam,spam,0.9704999999999999
1671,spam,spam,0.9207665703861357
2435,ham,ham,0.1620397581848712
3232,ham,ham,0.14607530663780666
3910,ham,ham,0.0724642857142857
3002,ham,ham,0.023221235334110756
2596,ham,ham,0.021506437536943167
3360,ham,ham,0.01944569082827895
2761,ham,ham,0.014602272727272728
3349,ham,ham,0.006581850990649076
